1,288175548,nombre,0,correo,fecha
1,0,nombre,0,correo,fecha
1,0,nombre,0,correo,fecha
1,0,nombre,0,correo,fecha
1,0,nombre,0,correo,fecha
1,0,nombre,0,correo,fecha
1,0,nombre,0,correo,fecha
1,0,nombre,0,correo,fecha
1,0,nombre,0,correo,fecha
1,0,nombre,0,correo,fecha
1,0,nombre,0,correo,fecha
1,0,nombre,0,correo,fecha
1,0,nombre,0,correo,fecha
1,0,nombre,0,correo,fecha
1,0,nombre,0,correo,fecha
1,0,nombre,0,correo,fecha
1,0,nombre,0,correo,fecha
1,0,nombre,0,correo,fecha
1,0,nombre,0,correo,fecha
1,0,nombre,0,correo,fecha
1,0,nombre,0,correo,fecha
1,0,nombre,0,correo,fecha
1,0,nombre,0,correo,fecha
1,0,nombre,0,correo,fecha
1,0,nombre,0,correo,fecha
1,0,nombre,0,correo,fecha
1,0,nombre,0,correo,fecha
1,0,nombre,0,correo,fecha
1,0,nombre,0,correo,fecha
1,0,nombre,0,correo,fecha
1,0,nombre,0,correo,fecha
1,0,nombre,0,correo,fecha
1,0,nombre,0,correo,fecha
1,0,nombre,0,correo,fecha
1,0,nombre,0,correo,fecha
1,0,nombre,0,correo,fecha
1,0,nombre,0,correo,fecha
